Ticker,Date,n_weeks,Use Latest Basic Financials,Use Fyers Intraday Data (10m),Information (Including Fyers Intraday Trends),Response,Price Prediction Chart,timestamp
R,2026-03-18,1,true,true,"[Company Introduction]:

Ryder System Inc is a leading entity in the Road & Rail sector. Incorporated and publicly traded since 1960-09-19, the company has established its reputation as one of the key players in the market. As of today, Ryder System Inc has a market capitalization of 7613.79 in USD, with 39.21 shares outstanding.

Ryder System Inc operates primarily in the US, trading under the ticker R on the NEW YORK STOCK EXCHANGE, INC.. As a dominant force in the Road & Rail space, the company continues to innovate and drive progress within the industry.

From 2026-03-11 to 2026-03-17, R's stock price decreased from 194.56 to 193.11. Company news during this period are listed below:

[Headline]: 2 Industrials Stocks to Own for Decades and 1 We Find Risky
[Summary]: Industrials businesses quietly power the physical things we depend on, from cars and homes to e-commerce infrastructure. Their momentum is also rising as lower interest rates have incentivized higher capital spending. As a result, the industry has posted a 8.1% gain over the past six months, beating the S&P 500 by 5.1 percentage points.

[Headline]: Ryder CFO to Address J.P. Morgan Industrials Conference
[Summary]: MIAMI, March 12, 2026--Ryder System, Inc. (NYSE: R) Executive Vice President & CFO Cristina Gallo-Aquino will present a company update at the 2026 J.P. Morgan Industrials Conference.

[Headline]: RyderVentures bets on ‘Physical AI’ to break warehouse automation’s biggest barriers
[Summary]: While AI stole the spotlight at Manifest, Ryder System’s venture arm is increasing its focus on investments in warehouse automation The post RyderVentures bets on ‘Physical AI’ to break warehouse automation’s biggest barriers appeared first on FreightWaves.

[Headline]: Why Is Ryder (R) Down 10.1% Since Last Earnings Report?
[Summary]: Ryder (R) reported earnings 30 days ago. What's next for the stock? We take a look at earnings estimates for some clues.

[Headline]: Higher tender rejection rates a healthy sign for trucking industry
[Summary]: Recent readings in the metric surpassing 14% are “COVID-level type rejection rates,” Werner Enterprises CEO Derek Leathers said at an investors conference.

Some recent basic financials of R, reported at 2025-12-31, are presented below:

[Basic Financials]:

assetTurnoverTTM: 0.7697
bookValue: 3052
cashRatio: 0.07127429805615551
currentRatio: 0.8902
ebitPerShare: 6.347
eps: 3.2347
ev: 15174.6646
evEbitdaTTM: 5.4351
evRevenueTTM: 1.1981
fcfMargin: 0.1083
fcfPerShareTTM: 11.6193
grossMargin: 0.4088
longtermDebtTotalAsset: 0.4165
longtermDebtTotalCapital: 0.6381
longtermDebtTotalEquity: 2.2366
netDebtToTotalCapital: 0.6962
netDebtToTotalEquity: 2.44
netMargin: 0.0416
operatingMargin: 0.0816
payoutRatioTTM: 0.2906
pb: 2.532
peTTM: 15.4863
pfcfTTM: 14.2053
pretaxMargin: 0.0557
psTTM: 0.6101
ptbv: 2.9271
quickRatio: 0.7541
receivablesTurnoverTTM: 6.7408
roaTTM: 0.0303
roeTTM: 0.1633
roicTTM: 0.0462
rotcTTM: 0.0944
salesPerShare: 77.8053
sgaToSale: 0.5912
tangibleBookValue: 2640
totalDebtToEquity: 2.5049
totalDebtToTotalAsset: 0.4665
totalDebtToTotalCapital: 0.7147
totalRatio: 1.2289","[Positive Developments]:
1. The industrials sector has shown a 8.1% gain over the past six months, outperforming the S&P 500, which could positively impact Ryder System Inc's stock price.
2. RyderVentures' focus on investments in warehouse automation, specifically 'Physical AI', may lead to innovative solutions and potential growth opportunities.
3. Higher tender rejection rates in the trucking industry could be a healthy sign, indicating increased demand and potential revenue growth for Ryder System Inc.

[Potential Concerns]:
1. Ryder System Inc's stock price has decreased by 10.1% since the last earnings report, which may indicate concerns about the company's financial performance.
2. The company's long-term debt to total equity ratio is high, at 2.2366, which could pose a financial risk if not managed properly.
3. The current ratio of 0.8902 is relatively low, which may indicate potential liquidity issues if the company needs to meet short-term obligations.

[Prediction & Analysis]
Prediction: The stock price of Ryder System Inc (R) is likely to increase slightly in the upcoming week, potentially reaching $195-$197.
Analysis: Considering the positive trends in the industrials sector and the potential growth opportunities from RyderVentures' investments, the stock price may experience an upward momentum. However, the concerns about the company's financial performance and debt levels may limit the extent of the increase. The overall macro trend and the company's efforts to innovate and adapt to industry changes are expected to outweigh the concerns, leading to a modest increase in the stock price.","{""type"": ""matplotlib"", ""plot"": ""data:image/webp;base64,UklGRrJgAABXRUJQVlA4IKZgAAAQcAGdASroA1gCPm02lkkkIqKhIjQZKIANiWdu+rHuv8D06zf8JX/HmBf/ndz/d5jLFv9zxm/6GxeZAf1b/3eoD8jfv/7a/9j9/+Z3+6//foN//PUtdDZ6fWvv38CnmO5ORRhv9//D39a/f/l9OF54p6gH8D/iH7/+cL9/97p0AH8A/iX7/+iHlz+pf/96mHov6/tgqN+d/u/69c8113485ME5fYt+t/NH+5fMv+1fsH7i/0p7A36Wf7v7VfiX/WD3D/tZ6gP6b/d//F/ovda/4H7X+6n++/rJ7gH9L/vXpoew/6Af6x+rv/wv2t/5/yc/tj/8P9Z/0/kU/Xj/e/uL///kA///qAf//1AP//7P/S7+pf1f9cv5z8MfBP8h+RX9m9VfxT5f+vf279lv7Z+2PxI/5Hhs6g/4noX/IfrR+A/uP92/3v99/d77sf33+u+1L0P+I39H/fP2n/vHyBflX8Z/u/9i/af+w/AF952BWWf6v/w+oL6+/Nf8N/av8d/2/8F7kP2X/J9Bf0n+1f5z3AP5Z/Qv8f/h/3a/yf///9H2l/yPBM+8f9D/cf3P8mfsB/m39V/2/+S/e7/C/TD/Qf9//Rf7D9ofZ99I/9X/Gf5z9pvsH/m39L/2n93/0v/0/zX/////3g///3A/uz///dZ/ZD///8ETQTG2HtM9pntM9IOppqJCLrPMwx9gAwErsSEDg0oTfZa51y+PYoiXmPDFTfdTUM1kMDMcovKZgO5x3OO5x3OO5x3OO5x3OO5x1u/B3wwdXqO7PDAaTVYjIpgfQG/IBCj6MA9Rtz+Msn3hdxKmfyMj5mIX0dgBTQsR9G4i+aQ/OtJaIBZ1fOaBM7lkEsNdYr6HqUDkyA5qbbb+abXDyuKEWarFCPYO+KsxxkClF6bUAil5iglJ6gu8/j/L74+J7qVDbZF62rScRWUrEWU04US/pTMB3OO5x3OO5ttMh7j9Sy9zBuJzGH6F3QTsPMjfwEYfoXdbDSHXtiv0PUB1HrnIZsMRg7AEDHudiv0PUB+tDfifjKg1ob4Kewop0LutnpoghnNV9mZgOvTb2NU/qI6Pun52gk+7F1vljeBzL15LyDODW6uCN8ug4q8aM3Ysrcbo4P60Il0qZjfMSs/bi16sbjbFw5MshyY2HIcLtjBBaYVog7gbGglcG09bR/kAb6TusjKnE3yVO8hRa3QDFNTUxh2QjJxRYsTz+r/hD8NUA6kJ9uZfxTarh+M0JtLvGUwuSNXcZ10oexhv0ywMwOEj9oV0IYDufCkigF4x3OVCRP5Eh0z26gRxNRbTypOx94Yd3oFVEDKW+9KHjAr40ustaODyrORM8WSPETtzSicvIs9JDuLx3O0vXvefA521BhZPVaj/YRuI2w/FMQz7mN7TAEyDuUIg5GvrzvdTjReWrHKbN+Oy635v6MsCSsc9KL3/RuucsxMWrrfDFsHdaDEPJoOP3Epv/UCr/PXgE9jyNiZ0alZHYXdxvhD4mLjKng/TUeWMqC07Ks7tTcNtTg+Gc+dqp6QeX+lMtA3F5TMB3OO5x3OO5yoSJ/IJjbDVI/fMKwAjQgPiED6JTpQTG2G4hEgTGzxhgn8gjwuNsPaZ7S61P9KZxsIPgs2n5Gf/yHvmDP7zQzVna7gMq0ARtEAkT+MTY/2EYjrTP2EYn8gFIdaZv7QFXDlzw8Mp7aCeVt7Kp2gujPrTPXQbM5dLkEAkT+MTYh4XtZyUzAbSh/0pmA7nG0iEawi7uke0pI+Xa8h5iRXFE2hE+7CMH0WXtZ0DoGNm2IlkG5MajB15Syf0kd88bG/ZFiA54gi8cY/b90kTMaHDRTs2t1AGiwlp0/Dd6JqjH29j2p+SMGLDPYj5CcDp5mNF5TLIVTVqtB0Q3hUz0yCqYNM9qG39KKR5u/yCom9/+KkZl9tWturzhqF47nwpInpeeSMBMAgiQJjZ4pY90v+Pq40bX4ItfkE2X6Uv9YiN7/8g8rGcf9lB+nobyUJG2m39KZxsIxMBV/KGfbSfsChxsBr2p64iWrfIXQwh4s79lOmExth7TPaZ7TNRgx4fGGrHnHc47nHc+FJE/kExlesYjKH6EedqRaam3JplXm2iRJpmcP6QCidTPaZ7TPQY3lSW0nbX5BHhcbYbxfW+O5g6iRgJgEER/5RwuNfxJ4FRWR7ttxxaWhbi4j5xKza735sqgOvnlaPdyBHEBAYBUEhU2RKCRfGkdXy6/EbOeQLWtecbO3MVKmgoUf2cZNZKFsNUhqTD3iYiBBKkmgNJX9rm59mP2p1b3bbEABJGoZDf2aEWNPg/sIx9LOmiP1/0UT+hiIyDeZ+BJEYF/5iHKjRhABKatZEfoZx/sZLD2mn/w6Ar+UHV4YB/6UzjYRigFF5TONhF5SfsCRvsXXdFPgV1U1O0DayfQabper9blgDg7Uf9KZgOsxS6YXYObqs+kCYzYdHFjucdzjubrpuKky/iq5v6UwEqdja9xbCGHCUsT/6UzAdZEPdtz+33GAY/FMQz987Ye0z2me4HL+MF0Oma6R3CFqUorJRshf40ssvfrxzgBMbZ9gMgppY5F5C+X8uq/+zFxumb+0ZAKZgVCRP2FmQ29eHpPWMTGTbzCE5VhNsiTs+LR6o7tQn2sggrJ1qgr9O0LV/IG0Q8f2bEuTea8uBhwskay9VjBUrmptAd7JTWIs4PBnHN7yQYeX+lMtAkNWyNNwY6/qm0F8Z4YcBO7r+OITQLVIn6zm/pTMB3OO5x3OO5x16mu5TL+MvGwjtX/kmVyqL0YUCFR9//FNdr2qMT+QISpTjWEYn8gmNsPaZ7TPZ0DoGNsNx9Z434DKYBLC6qktpVIxK//VYXl6Z7TPVuh1YmfsIxP5BMbYe0z2lyCASJ/GJsia94jMklePYos4w1Ar+8j/+Uhew8Se0z2mdX/bh3N1DpntM9pntM9pcggEieKc3YMgQkcdvOLxgnpDZEvtbHTulrdwCXfp+KnYu2eiHynu84xNEcnuSe396HViJVdViVa30Mf20XHGvC8wEzRiY2vkuKg243aTiN1DF64rbe+zd1BBiLymYYUkT0Tnmhn3ZA4sExtpt/SnTEM4SFmhn6uXcpfVks2AaGhhH54zncC+dsPaZ7TPTHodM9wOX9KZgO5umMYpScieVEAkT+MS/0ohH55ttdvAdzjucdydy2vyCY2w9pntM9oOX12eQAB0DG2Gu5X2LzfxeciyBpWBx+hd1s9Tyj/5vY/QWO18+dr587Xz52vnztfPna+fO23tGrd1s9fGrHIH88yOBUoquoNaG/Es/ZFm+tDfifjKgQhiYpzGH6F3ShB82BYGxe62elxDv4yhtuB3OOtmMrybmLCl0366dM11bstZJSj+42I3Imv8/IIvVNjqrHck47zXy2J95C8BBQlc3Z1H3y8ZCTEjWlpugIZATJKU4Ad1DofGNGgi464bS11mEZhzzkEXADF08a6s7BFGTltx3OO5x3HCJ11MpIpSMNqMcJcr9XCyIuo44Lh7R7l1xZQKO+MvtaWmFbhXmES7rRKeCpBfMyjVX2KU01LBVzgFJ8MebZNdiEHao0urotUSDGDxPDn5E3soPDEaLQzfy5X6uFkRarRH2bkvXCPbFtJzBglj4f0pmA7nHXFLVvoKkBBNiBu/qsopeZHw9B52kzJomgnitwcxX/oxLHOD3V7hhY4UQC/GGRteZ78swYAo4V69OWAgnxD/iF0g6zMQchx52h5Jzpmyh+nV4DcI+PvWp9EnlLzI+HoSFDWhw8r3j+nm2eDmSJ/IJjbD/rPaZ7TPaZ7xI2w94j8UUoe8px2IYamtY0pBMcERth7U22w9pntM9pntM9pntM9pntM9pns4I7QcDMoJbElYg3gEQn1P9KZgO5x3OO5x3OO5x3OO5x3OO5x3OO5x3OO5x3OO5x3OO5x3OO5x3OO5tAAP7/LEAN3+FaPdnklwsGcTNOIvI/WJ+F6kU2Iis3cZc4HUuAdI1+5Z8Yf614y2+v7AXoGJ67RxADJyQsw72CQ1ww9k+ZnTlbAa5327LCR9NxS7tSfqwfVYdZd9nMtXo1/rpDnQM0+4r3VBgRf5qTC/I0OEs2+ExZkzBDmp4lCK7/2Alhvv+R4x1xkJm65U+wpcGnTO/DGd/fvVmPqQlq//hCbBlwS4ADXQSNrhv27+COsHYb43RrosE+NgU5nhc4E2BuIYpBHYvdBzLVQfZuP/ADWJSlNkoXQZbkSUlVa0KEvby37+T4mopLtQQedQun3p3lcqxlf51Nob53j30mdZ2zwultkGDZKM9UCq9fMXPzoRqBPzUt7s+wD6yPcuTsdBRoU1UJ8S5OiSzq5j2nXOolgrNRQmfhWdArTrzErhldkew1YYpYKjc4AexCiQFXdsjuYl4WV64zuh9TLNegIFQa/saghtsuUNMCuC+8BGl28MCvvj+DFRsZtrzUfInmTYghxtNfl/ErBApqsb2a7ntSjCjuaIUfNIiE4SK1UTTzhbIfKxBmcKQYX0Nc2jJ8hIIRGcXYEd4ElQeaNCv71eWNQRndmgUsawq2iJ02LrYWwaZorIxWYlpAgldLoW4xoSXiYRxG6Ri4uExdMrguETMqdifjQpaFZTpGO69qXrJhzN1Kz8DCeYpVLDM6q358UwXCnSWZ75HzYXQFr9MWeJEfvqfRZrdpuRRCiLFoshhbiNDKBe9wqNcbL5auBsZ/xhxu4IYEprCMylyWGSAPy8JzqYknGeXjOMbIYXLIfb88vAKpR9Yy54DI7DiBurlldfV25hTMMQn/hif23hzztTeGf7/Z7GG5tMm+ldX/1f2WfT11GBe5W3xWGtlq5OcpiNa01K7L2cDey3bvMM4VhBQo1GFGm05gnH059i47bYzUIYBylsB+f05y8XkC3pTAgKaSzmErxirBwEnO/UfFboSWHObf/IilPsS6+lUBqHXza4BqC6Jn11gEDoiUdy8QEN/x4OAVVzB10S6I+6tx12f4o7Vwg2/uN5QKltVhnDv34L1jBUnD0u3dXLoLvUQJbu1vuyM3Qqx/TjuQJAjpEAz6J0B5+5E2/N/3GZgvt/ccEWJ3LZoQTgPWNUWBsyTKRkxDlkRqkAZnqdjKfSM/CMoKHais/uaazzJRGrHQpnESkI9bE47p8L5FWXvF+JIFkDdgnDd7LwNNOM1n1KUMBNmzscEtvRNubrylLcCdoU6XOg/m3Acx4iYNh7ODIjXH5xWALo+Sy0e9zWKzdBZ1IiXikAt8mPCnrIAK2z6oBc4vVpgrSuTjXHhQ5nK0F+WmXNZTsiIlOWy22blqiRnZIibRvSTDRzm1gfqUjv5tfvnqX6nIRAoG8oPHn7Vu+17XDE8K7DfG4vLx9wleWdsRLfXZvbfBOrk6r3Y4xhC3J6ZZtthtIOXIF5LcdTEsXPYRvZXJomZByL8uO8N8FKpu8Vw1lVM9L6Huqy1frTIiQcXxeMPQfGjkZb8DNE5DxCk3u/iSKT+kKYsNySI6ipWbkVYFzheiSyMg9EkhW3pkiKE4BeEmkkCDr5i2aZcWD6/vEepr0djwveBD+D6sOlzwtt+PfgXsAyMU4kBX22dIxzFsUlmSU2gzaDttY9b8ICz4pjuX9dXOmGkQKXx4lbsq7nFTvHVJ8oTDeeh9dNMCOVkTwzlAhkPGrcoyoT5XjWaCE5ndLARYlZ8g0oVL/VKTrwm1BPpSjJnHH1EA6E4LIB20a1YWS54ittPkMDffwfV3nKkI3/Ma75frJzvlirVVFC+ph29psP6ka9JmkH0oSdWArEizZLv0J/x7RAZfaXVkwCX//1Qx7HdKkIpHEFWAZhX2U7otf8aL1+M58mAt2qns3qk12r8UbC77jiYw/wkapqLN9xklbvaopUogYtgJT22QTNOAR9pci2lq57VXkiPHV07dsS5MsmOFsLiVbwp/CoUDkkR/jxpMv4yTViTzvofGllww4rDF1jmJ9WSEn4fg/3EySv9RvkFv/YM9bysBxWe7gLazH6732mxdarYgY0M7emx3FCrVKmqcfgL6eKdv7aCrgxq9WLSg1fFjLMBvN9xOg7UB9UVhTtyIqROPRoOpXex6Y3ZKDr93bEw155DuBc98IXdXM/VO643eJToDXo+2EJaY23HzU4/bx/ZIacpK5GDlaIVNuYE+ganHIo/PbtmKLB/Ve9p9DGUYzN7XAEHATlTVjcsVH9uPkmx8CMdBslVuPlCaTSN4vTQ5PBHglTuNYJqBzrz6ZDLVfwGPp2IlAEwChfFtEIjukFaXcviwyn3+gMebBBuWQXwluosyGdpqGsQrPtoiqvOIQoYjLfFsuATZ0uj/o5vKmS+n/R64WdhQTsu16x+8Pkdbs3kn+HtFxkl5Gy+L7MiHVlGw8ROxNlMgnbLsEd2AAElqb15d2T/5w24zEhVhwwHXllbwvQ+Y350ImcRws623OsVII1VA0+erD4q7QAbV+N4z1+bfSJmUd1PjDIsVXJU2LRSDBKLATZOurFrkIc0HEHbWM1iLq078JIl7BtA9nbNtAr5FsVVyNXqYIo+v/TmryuA3y0qnA2xWZ88mVxbAiajXf4+qoeVKm8T7s2DoyzhoFVn9jJeCO1l2FAe9u5zQuaM/NRNHG7F5upDypSt30OC0ppa62bqIBsyfybwB52iBXC1nQnDThuXZjEO52bgVaAxuMMWiESbBnkR2BDW/TPDzPriCkSt+3Ml/fdebCEGvI5sR+g7awYhbt3R8jL7yNXp/qWTOHl4+ZSToOyg5satHwSZuMQ0sk+hn/XkXNYyPSsKbcn4TtuhxWunOBO20xDl/bF4AbyMrV9YQUpp69lMKDmbGWNWDyUorBckzYDfQPgZjD/15EhAARSY1UfEhQvZzoHWenAz2YMeGn6iN/65NJmmO6kO/dhtLKxa6U/a5jijvUG+ohYP0e8d7ygr5ezz8OuTunOZsTHwBnuzc7TF+E8JjRlW+G+1mMKgOMdUoueU0CGAn5pfHSzDSxYkAzANPwra7FSFfC0u6zl8TKZ/okRQoXDrq/ahNFnwjW7fYKYxv/QcmI5uOpw9JAFyJNcMVdVwyixccnz442uSCofxBXkXpD+96pUfDZgsSwdUXWXy32pDsBqG1JEuMqu35slu1CmWdTNp8EbtYYw9zYE6pErZqYwIOqmu25J89G9m55EAugCiywce+nFOKbHFPFuSQZBj6sfmV7zm/m2kDLGMcf5rXOYRtqVjYYDFDnacPNqrGbJXkZM1AkaLT1mQM2NZGoGTZANESx5u7BQsleHdH5Vpc3ju8Hl8ACuu8QSxlMnitlfOrpM9vcsyPX8mxv6UzWlzPQbv/WeZG4gahCdNI77j6xU8Bd3jvO9NYac88M+7zcSLshbxmARE2t+bZT/lON97zH7NwB31j52S62N5HMC3aUdlxH2tOg+Euk2AUOPLJL3WPsED1JGg+ZKM5WRkCZX1SswRtPCs8iC3aXqkObM4YGPqBwwdTKgAZxIWtaq6AhwSpOXWXklZVjHx/W832x9Pa7yR/H4Qhlj07mhJlKfJpc/VylFJe1Jjcx+4N1rtGLNAgdCCn6hDhN3xkFbngSPGdqAJOg7/tRe+kdTFc2ogmWbn6uu0ZFXMQG89OfwTWPGBIO4NIYV6K71T3qygygSLuo5bTlBq6YPMlIQwQULgURzCfZifFHILnFnKFfHERPNf/BJSzK3ArFBW9UL2DL0IeMdUUISNUoPY+FBbbfjGUW3mh/8s2PLe2YdY7wpDECC3dqnRTK5jMd3VwgS8x4XO6GhN/8WaOBLlXYFeaU/Is9NS5maHS2mjFOd/sYQ6XhG55pfKLEUzuC7iZ3Doq+UuNcvoJMz6/NrYqeORkQ0r8LaTIRlTNS4TxLtrjGml1k3fTROQlFmHZMmWvlphokDXSjLyW++XQe/pzn76dnSFdpwb6L/KBbw7X0fUi7MKBzxAbnypn4h93FiT42TsSVN/lA12uXB/QGUtmtsCjISp6h4zzY7yb0vcTP6Gr3e2GRn6PI1J8p3QVUWjmMol/qYAfPUzWiG3c74ORhN9i+sL5NNMWPSK5URONFlfFW3O/sRHZA3RLAvlyNDAZFOiqb8w9tv+t9Dbu5soJHYY9r5XfcC+u6Uf2K3lZsOQ3RHen+rSP3fKoPCx5I3SXd04kzolyP9Fs9RokQhM2Uo2ab9H5TeB8HuV5r1ivCuDtqP8CHQVs+tQZCTjGWdirvE8xfispKjCMeb6I7wUtTSJl8faOTVXMrI/tlRPQatJ/7Exb7inpWSGIxHan4Gw6O8d8UJLPkaJBGsks3esrJaeM781f/RZsNFnR9To1CvZHgBxQzf0ovpD3+tgqVhynAl8BI7DFB9ZPJTnkr0icRRSwLM4zQjUp7FoSsuK/0ISfXaXzhq4w+mVVDpy0fR2938UVk/3f0k0Rlpf4nCaK8hJPILeP68m6d114xh27jePiYV+F+vz7qZsLS6yoCMw2DYr1jgLIaxo2cOBe5067Md0+ed9aRZWGsu2aAce46sG1nRaTtS3SDFRP/BpaiKQ/RMehKHnXUUrpLn/uX/QBqmBsNly7lJeF0F+dayslJgjpU9wJlrdbcpGLb0+XI28j+K6DDwkRj1j3zRYnbAmDVGFL3VNNPZQFvkXnkQKIkIiK4ItglddkrErBmrq6cO3+ZhdF7hFis1/kQPeeOdm3zuh15JH+Cni/sM7ktX50fX+85KNeetJBrgQPSi+Kz1I9pzaYHwXie9fvAjoEmdzmH5SsYmBC7JBhl4A8PG7RmeUr+6gzyJ4QY7rIThSYrlGufrv3HgBURZwjZhh1W4/wLbTHstCNNBwEzwN9P2DS2+ZJgSahVMh4p8CNDXxfTG6F6xcehXLsTKZNTjbXI+e/fywAu1z9262EfQS33t7xLFNxwTxvNh65Hzmu5E87IlT/lKb/2EtbR38UKtaGI9l/WNvZEwjH9J8IS2Fann0JjrkadjWITQCTI9Gvdb2lcC1j8/SbLkk2ackPJnHtsi0gpsT+qeWB7sNi6xrC5oVltrJqdRxXQShKglMt3fRhIpa2FZj2r0crvCwv7lGaE78kTw8NeMDKAyxVZMKDfypfqEMsITF9gOhEW8adZIsBcJYLF3k0LIfrPgoJ6p4uS++1VN8G7C80nm1YhaYOAEEiu0dVnSErxRH8H+RsB11nvZg9rYIzprMteSPIjRIDf0cbsDw4H9nwX3QpJN3244MvXq5xeTWa9KsLU8zffnBWDREYzP3ux/m3AWJfhpBDnsWH0SzgNIxBh82wSx/i7TxU7+awSux4g8IXV+19btgFawXlWP6Isqc45wtL7XE7kqL4+pxt30jXu58PFs4NBJU0vwYtF5sB/4U6QJuTrNjFRDgmLO4Ni7hAUoHoxLNFbVtW1sA0zI9s5XR+rgwLW8w7xlegBs6W/kEWrmq/sYXgEmunBRKA6rUExbH40RBwwtq+2cL7bxPcFpnk12nTZ6DUhgzVnrXRrL4ElQ0fHmZn4fpw6XrYL3vxHuOIGwrM4tXG0Ff4s14vVU9iQLBZVSdSyIgPU8kgiCYTofmskN+S1NG8XlkR1Aul2OTOHlLe1e4doxgnCo/LcEvs3eEhuEsFtiNJbgmDcfnazDbx47aJBYRgfeT2NZfHDqSHw20IbvfkOzvySi6HnUQHTkU1BlshctfQD+hrS2jLbLk6gxoaYTbD8pEZ9XVIta7MkHL8rPc2Eg1fOz9GUjuyl5vBwYW29/Vm6zhHmpG9IYSABV/hw9occMzJyQAAAcRxdTXx1Zn/DB7GGUHL48mMMcyyTT3O63pLGftyt+d06QffTVrSIR7W1fniSxHTuM8PuLnfcaDnQNmO6JXLiWGgWXz8Tk3sYqL209s+PmM9GVhbjTPf0YM2uWsBJTM5wHAfGcIpzgqfjRHJgG7h6pLVYqIZMT+FoFek+wpY7kmLoIMCsViNAagdaGhq2mZMeaBcD3XSAwbq3ttPXOOgIymj/uUHPdP/eX9HZ8l5V3MPa1XpHymJdi/prqBO/SP9YUriss00tFRG2JMuO2EJHkOa2rHcSehCsB2ljkvvKH7055JNL71GcGLmel36O+16jbDoNOXrVbxUVzTBhB/+N0juhK2WFOXXpy/Qrsh9W+OexrzK229hDmrF4d/VNOj3abZC2mTp2xSz/6kgYlrVMivGWT3cLP8MmHlf2rbaiHc+n1b6yoIvgDp/ND8MghrZvLos3Lh+xT60arwpsinedJmGzG5mSlahOln2Kfpdx0yDMZcljNbRu1HzHvbPdxDru+z9Y6sK1ik5OnokQR4vqmYnXrLwcJ4LuMmA2Fn3rMKPhs+jjtnjG4QyRrhmrMrlAYdYfjdA/agdd67EMhaS0OEXrOqg3Wbd01zfP3QCDvbkTvALBrsyItS7AMY3JwurWbYfE5/oKKRb6mZsf0ihWcZOpmZnpppzxZFK0T6/0c92Wr6lVFvWOzpehCsB3YJy7PnoTnUFZOKxpIDX/PXulSUwub5+6AQhBqUqRDKIGANbQwnwtdkKZnCfF/4E2HePiW3LsVLBKBnXTgYvaF2Susezf/4ut6KI2dIMinP0JEHUQfCKtK5gsm5p6S0OEXJjJlWAegp1l7QQpiENjoZE1P/OmGN+glYTW/VM1cbRbzQBbyFn6Iq5t3cpxR4Ic5fFAaSCpIGmPBjPHdvqdzi9ibpujrPq5hV8GL8tMcoNLnCEivbNzSmW790nOiu6x8cShogCHXB4F1E6k4ThlQPtG+SiQykfhuj4U5WrYI73eBeEhBMcFs3OMKEZfl01c3z9zQI2+0z21GJPr/0qvUasBvWWpljIGBJbl/ibu9W/wmgfsH8fBAboT9mccF/Vy6b2z6atTVeD2NcUR/cYoCjZPCgLE6XSZHM0kBr3prYolZ48xttJOEG70/kd7zpzXfuBpO2e9ddK3uIyvNDgZT05GeNYwq6LJ52TZX2f5cUnYj2fyELHnVXnLcRXmotKzPXNeO5gS0qRNzyoZRvht/2RjrPBQYrRLaSHbV9D1jSq4wI7+Z/hFFNsY+H7xlzCKpLAMVNlgXhIQTHB/SquqJ3/B2W0naYjJl+8qF02UgdLE73tnZRpXbcgEgMPYOUhfGyNlA/ded57sK91Mmg1T64lqe4SZm2QQqwDGEoKHB4LcTub+FRaUSrU8+yAiugrwe7Jkj6yLf5+cYPr1NVSWG/dVONk5BebOrWSahv6GaFq12F/+zCBO9fkVuNW+Jwmot+Qvp0XTyz3vK/pP4iUw/PE3r5ffFp9AYyIYYPcI4XaKQ9DeAyi6Q14sg+yzW1uMW1g8ymC+IZdopZPvfo9jGPTA/GDkCA8CXaWIDBM851TT5v0L+TDnTu7n6FLcL650pX56nh87CpVkBRnoCGmQd1lhKhO7YbJBwzSHSuXOLbegOyI1Mhv7qO8HCo1rT7LoBlIahcHvjBRWAKQ0fBdiIYsOodYXsAab7HQCXPKxf/WLsx6+oxAwBraGhvvgHMXlMxEJqyMEaSYd+dqGlSKI7zsILGL5Qa4bNcQ4gacNmBND4/roNmSzpelEHwirSuYLJrfM76ABOqTBVOPQN8Wm3HsJ72K0OH0KyPnAkoOA2F8Fwn0gfk73TUkAYJe6uWUiyoOAObNZ+5MYEloyLU960t2BpKY4o39DSQfGkRs1E7DU5jQlDirNUAPvdhh/IAeS7FvugG6r9nkn2BVYDucOAPwfpgI3fiqVRGb7MincfGinTIob1bg1YXU0xqa3Dt84/9BTebmwiMOccvm9+4nV0NBf2x4Lz5+/jvLLQtIF3rmuav7e8e8smyjLUSPh2VLCP52ROAl18JzgN1C/3/soPiXzwHu8kQtqLr+RRBifyfyLh8nPevnXo+iECxY7UeYIHNqgBZ30wkY76YXQI1erPvOCTFZTlm/0nugp+Yz8q/FTgyPwsa9WpCoMQFFs0wjikDXwN4QMI6CY7f8Osyv7UWZFSZfaAYAbvGW6A1Bp0NzMaFPhCRRpCcb3cOzhQHG+YbJ//USOAeMSKQIYwEqyrqRuZqymAwcGvsvCs5z6aIrNREZ3nzmQ59MHtAAUjEYfQ9Qe++pJJ0FX9zF6lvI24NTOo5uRT5NKXVxixo1RKLGuR+30c6evB8C4nMa6UCVNjgaJMdG9rTpQST2ywdNozwvz8G+YgvvG08pYCYOL3t5q9fgWImyz6Hx+pf7V1ClPcrUqCdMeU2Zvl+R3Wmj1dyNTvLlRlKelnuRM0SIKh348jsMRUv0AhYHhndvuaj/1dFSt7zl12mL6iKlxccbT6J2u7ot9dUacKMPzx4go6jQy9h0C/Rp4Q4D2n2LsYDLWxdS8VJdCZECBnLgrAshTP6XhWXzFDkVGoc5UYvbc6xUAMQMZOxGZHIvq8KElKH6umPvHsW7gJ6/lycbLdULQOQm6MG0qZ2NkDwDeIeyY/kpLXU5Z0EKN00u0MjXWc2+HY1qERp1QhQhkWKE8IlxfLk0Upxj+3x5tt8j1/8EivtJwZAOK+zHQxGNyccC+Pv7JGnZN3Ue3udDs/qhHnOjekO9O2cHfnMcjugvV+5EUkGm3k8+jsuKx4p4lvKQYaR2RNk4SY8RkKTEruj28xeHfTDwghkKfRn+mlILO10+TyDGkBLp1jD/OV45U/mFta//3QTwgF0W6zHs69bgl95sgqoL/w538ZXlzQm9UgIJ6l1GUNu2Ztb4cyd+Fs6boDvPEsfUWkRHvqYEDFbcoMctAl8ksL3aqv5MPe+5aUnfYMvwkNz+mquYYGQENUhTlQa09jsh/d5A1PGzsDYMh5tODjOMTmCGX3923XMt1eTq6w2uu5N9geZq6l4cBdWQE3+StaK6eZzaKjk7LerDWH6WLbJKrovA3pxXcmv07FLcVw3JlW+o3ji9/4lV+ZTzu6laydqAbs4u8lUiCr0YgrwfQ2um7NQwFGXbIJbJpLOt51gjfRspre2Qd5hEpxDTYNjLoS7VD6pRTqsZ6gemTlzZfghsWrwUfb7o/8zO+HA9eWytjKFPD0F8hwN7OfUtaWVh8WO+I1pHxAuy8XAKsbBsXJD1VviIo2x+BkM82uGdUhYVrdu2+wvoQo1qct1lfKhuur4BX2tfIW4J0IEO1RbKuMD/RpU+TS5s1wppglnkVs+nFmPQ+ySIVvsXhRPYfkwS4VP3qmxUJTqdXRR9q8XW5EaZ9OzXd3+EUAQhjOqmcAHzCMOPVCam5lYVdIWaRlZGabbKy0AR69ORuvm6gAZo0zpzLFNkGoDtWmGcDHur6SFriAO51TKB+o1/2J5pS1tHMhEcb1kjsQ1HehHhoi1zDq30A2i0wVDNmIzYIlYnCJEzcY8CQwoNObABeHDSpq41gYZvNqu67XWKa+tQbVV2IO+zbMa+wQXXNtbloLQT5+ZyoqF7v7048eR/n+V2DVsk/C1B2q1VOvs2I7gaVPc7iZctWMTNjg84oJcZSsxe0z8DxsAogvZ2TSARdqj+LLYW6WS2+Ax/aid1/ZQaifn9/+0vCscPmof3pCurDjc7XsTs/bO4ECuJO+aXXH3uurTbtCbWjuHVlrA78VlFNCohGOC2bnGFCMvy6aub6IaFayjrrFuNrCCLMV7ptWQ5ZFyAQlXfvOMkU+DqmzZUGtJZ8sI08xrEZ4LnrdxrgnOvs9gd/1PYYQFSni6FSSsORRfmaDmti7GNVtDSgcynYOiPh+pN3R8VI58GEh3OVFaZts9GzPu/mA/C8f7pvIM1VVWOhL1VcogBWZS8k7QYmJbCmMFJlg5XM/2a1q9H0+NFrkzD8UjhatL50vQ96dJl4FwewJvIM1VVX+ltfdU27bgjbnudOYCFRTKL0080Irjf0yudk6MuSbOVyWHw5hPARMgeU9FJ8esx9SXhTKWbDxiaMrUirvU0iDYGFix8bzp6NXEAf2GFGg8ywpalaHCL1nUiVVK72WBeEC7bxskuIXGP0qN1Iyyj/Gom3js1DHnXxGRyLa5Ywx3JGntvTjf0OIEtk49tbO+pMiQGuxMS9koobrx6E+TMMlBswSGL+kEjfcwy5pyGPOpNLivZAextOPCgfVXazGXJYzVEqK0yMmMSBpGcb3NO2Ts1AEo4nUWvxJWH2fF/UvaMZAWJFeGAzbZhdR76GKVA33miFOlX8teceHRQsOXAzN5MQPiwt7vilp5w9+k3htzpyMbxsx4a9DLdblAtpIREudbBV0IrMdg3LjY2lqx8ZVvEly6H8OFu1rxuyUKkMHCyAP9ne7JcezYeMTRlakVd9BQj/5pYTAbqH+E4ZUD7RvmUnTORJ+A5OUmA0CVvyO8E9qmodHT4tSpl8ljQ56sW4PAv3T1/1VW00Kfwq+6gMWSzxc4qiWGytMA+3wloEj0o0FyZt72NMHv0fFnTrmmUf3Kv8sPHhhKCdxkJrUzAxHnHMqJqa9e8OXb+nR/e22CIJe3usRsLPaOwxpi6ff2St80mqha4ueN49CuXNLC0mHFRi4ugexjxtFAgen7IhVETDBUIljv98t0s0vJJjtIFhDWRmIcuF6wJX+GJWnvE0BnZi+d0sl3eaQu1uQzfHc9T4b54Cg4XSTRORPryYkJ1ULY5m/wJr+1593r2KFbUOacz6ZOQGXFnFGuzvMvOl5J0yDMYlU3Vp6Qk1czVBuJP5lpjYcw9u3J2eX+6NGW9OHMC8d7VwK7wf+8g2a1HtCrCEsn9Dm6eQBq4gIUMuknNOs+YJ11/bcX4mn+YijFYkaAbGz716TRBn0dW5mWuZRjMobUu/pBJArZXVoM24buZgl+M2n0aRAQJ/oTcoBW+1oxeSTgZTSTAcQiuDS6LNy4fsU+tG6cDwtvVEGlzhCRX/pVeo1YDetyUBrImxGNs9zj7mtNo6BEu/4YhJgkvZCX2PNOtC0tzL858fx66c452WuxjbewcWPPs47HQCXPKxf/WLsx7EhL07RgXP9s/NmrQ9ajcr3ohjayT8Lcc7hcfq9d8wEeSH9Zfx3jrAftFvQJq0eEwLgpcOP9KIPhFWkKJe/gfrj1b8NcNBAFAQXeutsNln4X+IZUTpzEtHaxfOeiQ9tLn0TCpm5WgFhFEuKnrjGkGHQMcl8HHFZYkpgszaKWbnkZvt8Q7kQNNafheOo1BzwdVqJuDNXEh9gdbMXBAAYWRG0GcMiaCCutVVP5peA8LeECMXytoVLoA1UV94d0ZjjGmOyFUNDl2mtFexAHNAOAFKnPA9MM+pIc7J9VlQAAe+fS0dt0kuL4aotL+cIB4BtjuGKTp3qW5vfa1QICEP2zmVfi9cpGD0EywLSm12vPt5+VGogYTwX5d53C7foH8hXbCwF1He7booussGdmaY3v8nr9cz6uISseg/43Z4VycapR5WcWrmx/FcsDY+6BBDETJmXLe8QXDJk93EyIsEJc13KWXhCJE0XkPi2GgK+ysXjbpl6jl+pN+9MGxc835cmXDLhHurtqvHCZ40pyFnI4oS8iAAnba9uto5pBZOuwhlSjXpTIxd2ku8A+894MDu4nnAwngQMlVQ6kkdBg6JANpJxbZLq3I749uMM8GCkh1OrzFQm7E4pj9AGYkjhSj1SgdknJ5qaEkkrb7lNEV/8yHeDHl1JqNGVEO/E0JNAhcvyyncYqO7mGgb6XzBmdTYBbzmgId7QtL1G27eayEEVd5WcvifEe1/szDpPzptNAIE3WGJBNpN0YNsQP5YHB923NjpttZRBb1F/AR1lGP3gg+yFtuAjqh9ETgcfdD4fZdQX7eC0aqfDyuo2bXeLmQfHuuMf369MRX1RmS5bYlZ/V7JkkOX2gqXdUxbPOciorMMCbo5Mlk5Cok0f6dYFa+WTWT7x9RcQtSzIh+wBKNif6+saTaDvquKu+hzekfG+0gKuUWsP/ltkFSIb66UdjPLA8hLI/PdUeYfra5pbPrRR3uyfcHbCjTiEi438/2A4VZZfmDlTZINsigfGys4GPBI8A3bYJriIij3Z5YMRzkAG5Kdcesk5uAJG/RQABzY0zervMKHOhPQ1kTf5+Qh5UUCF1nFKpcqd5A8WfWsYjE06y9oGsprxast9pg/v1aQdyKi5yO0sNGXbkv/MN8gPxa/0O+gQcmBX16AIOfaneQ30dtUv6YMGuhXJtu/ghwrCy9GgHmDqnK8pi2C9wZ1DNZZ8AD14anRLe2OnVVLnm3Bs5bmitaG9/wmOa+fObtdkwmHGCHmsjB/zcqkLO/+v1OHqS185TIYNorgWyCYTWS2kkow6ZKddJS2RNK2j4oImvUoGjG+uk8HdvdkdVrCRAvN9exF2IK7FO5Wt2OoVXIw8pM1V8zIwtgqQT5I9enyx22OQrf+syCzxJhXWpbaJZUQ9sWgudxG4unoE8nPiaZqorYaoSgh55jtMBUSyuFmB9tw97AT9PUTuM6zrMVb8zuvTgbRHIsUVC82yVBQXChEnb/8lweSEb41IvB/sU8C553IkJbeAdN7xVxE/bIKgNCC/17F/HYmV929n4+eRkE9/4NH4KYK37jF9J/dmlf7sW3huNqGl0jUPWf+NUHQMZRiZvCgJxvfikE7DU5cqzpFZUkTxWwJKmDs7RKUrx5FneB1rU0pM3Vm/BuY2VAhWB0dNamBftiRZS4rcaD64TsoDSjV4Hmc2UOlxu/LsYesOpwcjMXbrCrxCDJvq3U8eer6k3osvlWBr7Nx7eJc7nzQDmbavM2PMvvafZkw0ayy5GYgaqcsyUKb3BaReeJ8iC8jjv0lLZV9XoiIPfRPPqTwEkJz2iVaaLF07mF59FASAvxDewEUS8MGO14uDvQtxYMYWWr30s+JTxjbcBDSNxedTdU9td7u/uwVoRl+vQK1GiWvGifYrnp+mOOiGIoCgyIlxRIZwGIxhKJxgu9pntqMQOBrWivTknq4GlIOT2yZy78MOa+hcHwIwz/X+ppVsqVY+qH3hKvP4nn3ZHJt05jT00+x3jeoCeM2YGxpRqshb5e0vIovuAIp9m7zB/lQoTa+bnM7ExUS5UzWbc1mfYis4OqxiJbT5Qt/Er8/YlXqadW1Wim2w5i/ZWtET6e/Kbgh8CoAZEG5tFQ0zbezvWqiZusIdZSe3wkd1wxglf19rpkEWzkPkpVNOeLIoQ91S6mRLMYbH2F5KuxdJPtJFYmFZSZKuAxRDe7h8o4EwhmYAoTi+6y8ix4XdwWoS+Bk4OOfpAsQos2kWlgbkzz0B6Hz3wr0nQsaTL5szRo4Kx3z1qLx67NIZLyCExtpZxx+X8yqaUnBMDPKFpi1J1sbI2kU8KZTw0bV2UkoL+fc2Kb1lKzlEUgBNs9dSUiuDhtZ6jCc5pQ8cxJAbZugv7pag3yMQa1mKI+tTrTBsoweRcX4ql0/E1aLDsTLQ7Ww3kg2m2eyCnZkJbeTbX6CnOGryq42L4GxCv8kUeizsZgFacyKlokbQngZsMgsMt48DD4t+04oofRpfjdJLOHf/EM2A5sijIm3mQEJ14hmkXuZ7oWrhu2pgmSMSDIdl3gLHg0ZfzVqXmionR2BrWiMS29XFFcd++BVzffqTfbTHa8XOPs/CIYdfZ2DLAgpBtJPSTS7fn039aNxci8TGZBgFEEQRAKbDORCprzYu0eOeuZxaHrhNwdP6ErcsHQWlOFPSErjC7PeGiagqpI9dApeWwzKvtmFiyABATIgPx7k3COWKo8XFhL9bJzCU9QduJDscOuDdGZSQ/KvVlabppfhQ/oWwR1RbuZS90uzZTD8zpfotD8mVBJgDO8/WuFMsIBVvhvqlkHv/3MxIWptt5+QMkcwypOFxjZNrhqx8WATodGPzn89XBp55KXNgkQlpyOIG9uxF2BEjbBAA0ol8IOQXpzWVyOQEJ14hmhfD0mIYyNriy306zX1sWBwMnPJFf76pYupafTb8dUlmQKrYLhtRuxJGNP5bVvmtHXbHDe0L9WhOvEM0PYHUpadx+E2BdalYR6kKlnEYAzh5Thto4dlbz8SLjWrRTcd7ZhH9bcVZ9lgCVzDQzaB6oKFiCMyLRk6jj3TWe/uDk4z9LrRoj7GYQ7/gSfw8U2kcbfiwhr18VNUZK0E0sW+JeCrm+N8WpYMO0aCeRgl+Yf0+kH8ANrymaT6ZXK4jhLqMI3RhkvN2YPxcgfOxQ3L6NrjlaA2mulOTqsvYYjlN7XWcPA2MdzdXwwxrl9D3PkuKpsbsr/KkagObuwEz7kpKGGTbhHMWF1MomJcpJQGcZsME1MjYsPL3kpDiOrzu+gp5rcA1/yt99IV4FR7cAHskr9ug9Uu/JSu0uQ9hDNbrm+AEB3XBEIGD5Lzzh9e17BY/jqPtVapYjFMQ/ktN3CWvZMMKUL14lGvsrcsHQWncfhNa0KGb80vwoOIJLl4fKPcdIpb+SGjm9zycZ+XWCOyjeToczkbfZP9lGPIhYZYf+azWSfMIfVXMlAp+ZqFY0iyv0liy11pk+xqJq/NlAI3GnrDEGynJCqFX4vc6ihOK/uytI/Xi1QC9/CzuFDNyKD/llPBqFTocSUKP2tZSYA89FT3MNToOkeU4baOG2i+jVGJ7V/tSYjjbWPIavncEXkiPbfltBqB9VA7hkHw7M77YFTqCMLtAjXw8z9WKtklr9+yMlfA/8ay8ED+v8XtTTXHEDb3n2pfS/CoYeDL0y9qT9nqnU0oMI2QKH06rf232qzUEfmfXhXEo5pBP215oOmRA4n7QCnTR+FgQ2dR8UmnWXkln3ANv1QZTGNrDDrV5LvW3A4g12/Pu7c8KyShhk14IxsjECbtDFS7xmHn0NRPq6HR59odwnQAw+polJQwwHz7nfVQmUM/oNe0Juq39t9kOakmgKa2h4vc6iSMOwP/TkhVDQS1k02DrDdjMTN34vdrGMbYFxYFRQNXGOv+O1ezimEK3u/Qp5jO9slAdsrHpX7iQHnItYgriAmAL+neXd9KR5A9Gw1/Q9mNdMyaaVTo8HG3Tap6zBrA/3sRqVBrx7F7jch+KmBSW+pDbO/v9N+1MVDrQa83mu3OZqeBHpUeyl4uNVQHpfcuNoAlMXNzms7ySkb9ojUDvFBgdA3ALmyMfNNIqoPoVkfPQhtRC/Ix1jOLIz1UQn66OGfilXK79C6bI6zvgw8SYqrdHbHKDZg5vJK6pla4PG6S6kX4sTqVeaig8ZpL35T4QcyG5+1pQrAAABEkKnXdQoCHiebpqVbl09WAAAAFjZ77e1zECDEAJ2ZhnxbhkAAHQpkffGgOQHwOwB31qbfifFgiBzocvUsee6BbUtrJ0QheTQTUrsHUetDtT4dOqwk0QuI7PewQCliqti+vYRLXbz6tfNhdKOMFZxuHlSiNlz3/VXgl66UhyA/OHXdMQq2drOBpex79VH2RycVeXdpAAAAAHckivk5JOnfRUJBdIsXvwIAAABCDdg4wWCn52vQ7zCXG0lZAAAJ2Mrcje2CY1Id9oBs+/8HYAAANh8KOjDbAgJv4wG2GFq205KkLOevby6YYcJsu2Xi3GH9AlQAYhOt25LubJHQ/z13Ac/ivnBbZVevxiimiQr6Pap7AgD1R9inD9BN9v4mbZRLn58V+3qysp9vH2BWcHi5rUOw/b2AqWZT4ZCC/JWtdXtdTeJFTg//NOefPZP+7UTRpx1chQuuWuoriVAanLM5/oN2dJ5eXvzHicgUI/3OH+XCsTF4OgULyedFrzfe3Y4kg8mvOCHeIE+dENsYOltaayKeTR1jQOTf/18RlcaAHnoswJxnPITv4SCI4fmoBYMPyXYX2JpfBfxvTf3447l4Kub43xeWhdU9UIJmEaQ24O3x0NIMknIEYOB9lOw4Uv9bDT2NxiLwM/QjtD/b83prLg/TSJV6mnVteehQHrTEqU86DlEAjH00RYoFIqKk0ofhHQXanR9JCGyg5lkY7YCXz6qpPm7CAb903dbxq7UEmTz0WYE8Tzp2J2cHWbKC3nVoJ4TtAB7LHgpzwFV0ixtNp9F2RZ8mpr/55baeXjwaNNRINpDx7WLHc+MuP+6OG+mdzysfwxEjL/xc2P8jIKaGhZ4a8juPvJDaMsCYp1jxdBJA+tfY0SBrIHqInAMeyflwgcGCmJcssuJYZRsPXNBkjooPWQS8AtwpsFfvjACRRkJ2KCa2+ZhGc+LdkQbTZQ+2Z8NXpLfnothVhDHdtkFJWHxp+ORgaTSbo7BCvpb2/t9HrLOrgCHRavtIikyXkqqmdEZrdpk2nBoEPfVoL42WQ92uUcTIOkme8i3B12vLzacDLm98/3waWUX7FTy7TfX5hIDOt6NU5v/s6+WDMBgUDaxEXxWYPxcgfOxQ3L6NrjkBNsg3SrYOtfOBsYyHcwQGeVFBLiexZhY+GYQqXd5GLal8MyR/dXWG14Ysw+l/5h1jKwfcnEp2HJK5iCa1FTT0/2/tPmd0Vfm0PqxvJC61u0ybTg0CHtdNhFUTtDwa/9XBr/CVLaXeaAJwA8r7TATH8d6b6VFxlGngiafyl2jKg3uI8hS3sOzFZPD05lKbRm25VYuJmzFmNH+To2LQY2O/jmL6L/A1q/yezR61jr6fD4BjMT18RMYCOc0kV67m6CachZmyooKCHtVsK2VYzly/sgjlxoJVZneZ2uxcQdXtie7nZWRlZ/RBHRUgW8PTTIaP9xx+MouromgnG7M0fzwrlw7JXRu3q7TzWNFr62OPSFRGOh5CUe/a7Jg/vukNuDt8m/rYK6x7jB2ZJkxrumZ56oS1mZLhp6rL1db8tX/N8bdxIXjrwMxoD0qdwIIQqW2IHbLdEwrkR6swBSXnReWJ4UC05B9sIn5DWZQZDVu0of2o3D6hYlNplinVnbQjTJJThT1KFCBwSBjQTQFnd1qiNmJltr0AwFYa8183qg+n+mWKKdkFj71xrCRYw2ylW2mNkRH+HpNXa9EO8QFlzzY7A5BB5YN/twKzxxpN1lBLpxkB9qSqFsmIXwv7Kk2i5++AGDhQxPHr01W6hR+XavfoU+vAt4JrgHuvtZXFIRk19dhcwawtrzRrdXL0E1sbGZqmKeHRNpBIsuT/fQSEJGxfkwZsySWI/kQ3LL6BQt6W2h5s35+mSVsEMMqDV+QyoLetGksV6aD6xcTYUDGdUs8jlJq2g+WlIZdOdXkEhmF2GQqdd9D1vA0whn50ok5CfPlZVY0HslLy17vv69FSFKMLxYa8wOzcOqDb6ANOX9xLqI4yOlpx0/kICWSUCUtECO9LO3J5Uap52gbN98m0wErGyxt+pt7aVkrqDQLT8Ck7aVsZrlu+ahVd0j1cYpFPzQyARwSo7qTLwrcyO/Xv7kML8Culb8Gr/ITJFzJLF01+rWaHe5UIWzyFq5Wo8Tb3w12decVi9roGzT1LU6RuAK+IMabkO5hiQwoNObABeHDSpq41gYZvNqu67XWKR8lku+IG7VU7DNfjjOi1ACuz4KHtr+immbFTc3MUDp1UNQhVLC3Txzmg74eog6EcH5PnmIBm4DHVqi/56Xm2Bk9sBp+IymmsrgE8Ldwn8ODXcDBociMnx7zfZii5BN4+WM7x3XihvkrnZY4Ej00tRobuW2+tRBjJGCeTjP0utKc1o9nMkj8HsU/A9E80a5xpnOqbW1Prw8J5F2pXyV98juX9d2mDcq1wgqcrD9P4WmWkj6CIv3zCyDUowS7xgq0qNJlytkcKKb84Lopx7bLUHznsyG6T5LeBmJHBkUjG72goOSVKUGrVUcRhTE7Bb0NbSztlgzrXS0opl/l/1iGvMr6ib5jWoMVBo/rSDfngEAYGJ/W/7UJjeS1X2Za07Q5rq9kiK1LpA9X//fjG+Fde4TtsjEp4JMja4st3BIVQjRGFMzFgCDXdt4IBYeFr4HLqGSQF9/jzfCkLLDGwrrWEnZF3vBSY1DJHMMqThcY2TXv5X4kHwADt4q/+W0uwhcjr5LMlKxuFtf0dBPrhgM5C+Ujv6Ci7g8IuZf4rL0cgGzc5fqMkuZEJuzmX0GgtRvArNp/5+rW6wjDVbhGX2HcZKJ8nXicyRhKCTSspsIhPzuvRvF88bROoPno7hn/lVKwXUj7JRFQoxsJr45yZS8/gWPQciRjHX49yyiXm/JLf4kZPQBjpNyUDB1CR62D7h/4k4RJpCsgDvp1y8IIEoGRS7DbLny8Ve1QhXHG4GO8rN7EdJrgwOnRhNSbOreoNgmTIdYscNFXTljN58OIpELfkQPydD+y5PbZ0ypPSB7WaK+toFuB9kSyYOb1UlnaHUKiWP9OCsZkFBHdqHKfm/GS55IJ6KjmfSFd3t+7xEgOYgm5gBWajKk4XGNl6tZwWQdXvQktVvt+0DI8eOmUuhfWLG4W2AJyvE/Dq/jS14YETOpV+4ODVHPufPtTcHLS1rWYGnlPqWu8NTxWkp5Vr4NvoQMr/0cuOcEbc0u2/WPZi+rffSFeBUeDYK6ttdu23f6EoaQdBaLqTooQgM2k9HId2rQZmJ+nNAiLwc4HXXO+HGLvyWm7hLt4OXaMYnEGmvdrtAjXvfbAqdQRhdnu74EUw+tLy6ptk2pmL+9Vs6lrLEYIDWiTNOk1a7Jqx3xY4sAGGPE/n1O1UcOyk9CbrtwfmxcG0EB5zr/uic2IfCePQNde4UTfMFqAYf0Blwb88AgDAxP63/anzIwPl9Xwre5zGOV5aOKv6a0tME1IST2d2Hbj9cT8PXCGIBr/lb76QK3MmcQvtmIQQhsxmOBcTHPUEHHj4391qjJheuJi+jgZsWIQl8b+oBZm7oYHs+NLVwAX694nnWhJYoE+MIFcpbwecf+py58WMP4bOMpCLqQHb32ENBl6Ze1J+z1TojU8OscEYDJqzFCDPePxHmgkhJ/m0Dr4BG5CcGRTzj/sNT/LQBAF2MJHh4gVukschGMIz8vjz1ZispjXWcvcPBfZE9lIXPmqqH97UDuZiUs4qVHYFpO0OBTB7JCTsrefWCdf8D0BV3yya8EWmIuMg2U/R9zfACA7rgiECzUZB7TxymthTFVkWJuFjO7CQAknZZ3L8B/SS9CF71woAWEImyn/fAG6fVPtIijoCQztZBPF8YU3Nop6mjgXW5QwKzn2TPdOUzNpjeMpJRI1GZO9fU3w1McUwlyshp1KLknnpDB4I4gDRiOEtoIm0H/sW3x/9ZR4ow86IziAFkjeBg56/Gy1utkq1L4yYXCH1doV5k7KzaI/KgoQR7UQLwIvA7xe8/c+JZjj8fmLlZ1EN26phJ39AdvjND1tvQeOBCxOHditrYjvcXP6b28XfZY7CgILHbYCGuhZFSBmP1s6HD6wCqQQ4HDoyFRw+VyApO9Y8nRjW3NDC7gB2H6eZ3ovHvx/RGSfkja19bHHoy+/flhNqC7bD2KrRblbacWS9vXpegmDsB/CHAjeTdNJ1xc8F1zMrXuloBxhgQ6ODDNyiKjRI6Eb8zYG9lIKbj4VYdnlQoMJx3uzqypID/wiLr07X76NlNb2yDvLwXn8GAPX4mv7UWbIcHL7QDAdd43eKUK8ankzDBltEoQ2og8t8L6Aj0NvzcESntiiFs67JFId/nU4GLhMuR8cWHU7Psp42DgdQJ+Mj4ljOlhSxErzyz+zEFQFNJ31TqUanBrb1+FQecRE9uDmqnZhT/USLocks6TAlb8rPX7LZF594IvadgW9p5/wt6etwLHb2Mtk8C4AuDjIrQL+VsurSdSnIEUWyrihzCz1NsoJgiZJU8yvndbMEoa9L4i5N4wEfBdLCeDZ3c1RSPUfGdkvb9N/4MD2/aM+CpTlH/P94k8SRtVmmmi7JJwml2G1g9ioH9k7OT0CY9DMl6kLu8gusvRPEkN+MNTIqwWI1H0JIQBSrGZd7EDGcEBf5diVnoVwoSWFpALQAwJvY9+dfoCDEAJ2ZhnxbhkOwoHploDy6qVk4BYj+I74cSE7X/rG0L+Gp2TiiyQ7vwUspbtOv0BBiAE7Mwz4txBtYoJgcvKFE28s5+ZyYmcA6xRZJepH1UfLi+0YF95V8oXwvHJ7OYAhOnRAD3qEZzwnZs70Dg2x2pHW4N5SRJcYulhfEuWWXA0V0dZVnlIv3tPB45wTCBdjm37lIqkgxG/0MjIimD8XZfYNoXdf6me2cH2CDQazUYz9DP0ZwVZThpHB/chrvIkYx1+PgXRKrJtZ8d78yU/PzFAITyeEqlbSmRqIdxWbFGP1/6vxcaempJ3/yBg0EbGZiAv07zMz4z1wJb+0xfdueMVOnMkbWY1zdmbP5Rf9Np2+F72RQ5ntVuQU9wfBkhjAdiJKve+4YSrCEGePvaUX0ircyPage9vHcY0MdP8ir6dpShnWWmOP0EF11oqobuN15I/tgdQsWemIxwCBxLTvs6V3iR0RwwdTJuv5QO78OneKxJ4NHGGQsaSefIq8THhfucsaTuDsoksu7Uhivp68ocVr1uhCmjhQ+VC/AlSiJWH3R2BWXQA6xidOIi67yKYVTm0LtcrtQUQPy5b/N9U4DRc00RI7K77gKY/Gct7Okps7hgFepBXGNztN9MwLRJ9bF6SnNZFF8RY/yUvbeZiS1+odwkwOYLBxifLsMKC35doXIl1cyCkNX3US63odBJCTSxJi2SBCNvWyFxNhQMZ1StHalx1yhghyeDOniaZKXtZpM5ELEjwccgDTmMBWHkNQ1fszyo37P5WBzrFxBEgomOIx4BIonSJypzR1/kpKpt10TuSJsBb6JdFAamUNe/9zkJ08NTNhy7AdmJjkHoibGgoO1JAzNH88K5cOyV0bt6u081jIcFhz1nWoka19bHHoxxAL1xoc3B2YzDaDbEQCLG7mwqSz9ShHHNH8mu4zuB/FgAVXU+72aDjGD1JUuRV9b+WbBtYpOrTcvotEtcxWzEkBzjtB28q7Trb2TKIcQBkjCNp4VnkQW7S6SO2LBsDqBxRXSpcir638s2rCr7n+JCyfx8rb8UGgsypDwD9tOgxiyiB+t/a0I8QAg44Qn25Pi5PJItYCt7MWxwc3Gov9Cmdj5hR2vjMbZofBo2HNlkZtddvBmP1kLrcwzO7bepac+Hyx9M6/3MYV7IXTLBAF3Rj6+kYqb/04NKb644l4pxmKxDcGGjYYgTlmujXl5iOW9XBk3PuWZUPhfuZtItn4NNBJV+LXkXYUur5QLdaI5LUbrQWjIrmbZK0n1x/i/TBbQatZUtEjaE8DTwTkNm2XGF4QsCFiGB6Aq9SsLfBqkuoO3iwrui0YXaBGS/qrg28Dk+VF0NN1+ymmhwkQsuxCTWH/gwSVe5++dxkmilJhmrkjvdchNxKuCc8CW4mRAd1RBeKG0UxaCRXoi0Pxn7kozsReXeHVVa1U0cQE+HQuYWPFkzmuOI3spWXFkUs9IMRXTlFB/3fn2A7JYiZEFIkg5pvPFtgW66YwLaJOiceKyH1WZ0BGvw6Xtf6cxxe8FeAPyimvzfQ+WwusH5scG6J4vpJbRXeQhMbaCGffDtkIP0UTiPyr1ZTR8NxQ0RsVwVEqSURbbYb9f7ZAbeS6OEfz2i7MmJrp/lCHyE2qbcJEbfHfOEM9Bl+M+pufIQMVV2CjXBcsrZMWECkZjSwG0MJgOxKykwHiv6p9Z3nwA5HaHt73zDir7zzo0HVfk2EfzzFs3+pdKgX3zQCKtfRwQ/ohNeYEGzflNxGuExCUiUuRank2LRWv8gOxCat22L5sNR2VuHw5kueS82CkwJ3Oh01QwI0A6aWL/hc117SCBDl0CtlTO5rma7AluSdxj1MB5zr/uhdTkUYLGEOvIOIHCBi5K+B/41lMCX7pv6UJKjRm/w7HyuVpPKix+2TPzActFl0BbYkTbx9pBMldcAer/1rUke6/kX4ZN3RCTnkiv99UsXUrTMcNxKX5Zcs5SXzhQHrCGdo26yIs75yClvkvaUjA3I+JFk7gWZu6GB7PezVwAX4JoC63Fzu5lRyXBpmefNOJGwqim472zCP624mXEK+hqfcTIgO64Lp3KsyWvM+8IM+Zw9YKq7NpOFAMcoTWnI4mN5z6EsrF42dFd7ebKALbt+IVrujrLrwHKlkgn2ThC8kGmlIlns4KxUyCy+cLAfblKXB1RGaBPlGkUY41UyKHcJ0A0Q4WRD732vMCI0mt1zfACA7rgiEDB8gXqyN7frRJZV7U5L5M0rVU7Tk6xVGYtTY+tZKb/RyHZNm4ycOpgPNX+sLjeL/UFXWRCBg+cfaq13aTPLtOosE9DaGzgAj2WDanh0/8/V7jMvwybudrQOOO5PZ8aWrgFCjtaXDWWTfmygEbjT1hh/QGXBvzwCAMDE/rf9ufMjA+X1fCt7nMY5XmIKH0jjS0wTUhJPZ3YduP0TCWD99bgGv+VvvpAtSjaV73lPxoKMx2c4msplSX68EbbQOE+/bHgEd67zffFrDts77YFTqCMLtAjXw8zwZb3zuR7dQ28Vf/LaXYULO/sm87FuxYRxm/XI6Ou00oXm/ceIJs9vUCfdkurLsENI3bKaMnb7VZqCPzPrwDtZXNNRp1uG6AXL/stCzZD5kabnkhyLatIvk/APyk597K3HfBEQKBUAOXdYhc1Mk9qB3MxKWcVKlEyI+mucOg9khJ2VvPrBbDVtBqB7/9zMSkoYXu1HdLktK7ujdwb5jWoFwH2qc0jxqA+qiru6VGQgbiJtiTss7l+A/pJehI8FdwgdWVKhA+u7a0LOsI+pjYk3Ofy5XlLFANgwHFsra9RZ0uqIUKIwYu74NYWrtqLRt6+3ibFvSExwYoFH5HtV+spLaUrd6eZCnkGZMVPUcfg2/YRVjGioUYzlyJRyyvTtW2+iwLsJ0vVdHK9PLIPL1WZo/nhXLh2ST/P98sGI7axa+tjj0fneExATtK63uf/UMJL0kKf+cC5s2mfUD6J+5DZbLlD59S3Kxnn0PxkEI5PE5xBiUi1yklP6TzKFCrzJ3Vpf9krBq1WB5Z/YY4ARFrZGT4/IMueoylr++tLm3W1sECVJkt5eDcwzj5dEN23GMSKlqXWJEVabD+1OiJmm7DgmEgABH8Z9H0vjLMs7BX0LP0FNKRcwj7gMJYqGGNKodt1zLagN9t7SMww4ipipIsuAdPDYcD32RQYEp4ZY2XbiqpI43C7Se0RyvHAxQY9d+J7dInyzRXlBLOaU32QcVzVYXuamE96MStIKlyntahzMhCdzYWYw2wq6pXeyAQY5ek+C2O12+X5N282RzanRnVVXq/0AZBOClVxCDszCeA+M8Ih8M1uFngKf1UcQNfGgjGzuLu3kw9/nVY/7nzFObLWKWqOlF4d6M4gnzInn20tiIbbkWbLTmWN2ASvd4jS/wGCt9/2+9y1eY9akHYfp5neis6nSXri4XSydU/vbiZd0QbSSxfBDYlZRi3LCOv795t6kiR/XGMk2Zmo/asLPTeSHXq9Eblg7uZOBv+Iecl79SAhLq4tAbcUGQ1FXQBIpBPYfCoRM4j9uBZM6I4YODamD6tkT64sVCbtQwIbOpBJAdFCL1DE3qrHfFjk18gxHtH7TlQaesIuMrhryQutbsT/FMlniJ3eDHghrS11bgWknnsmiNS+PqIGLHpWU4Edvo963rujUeBCpFsjPnAACZyo8Jjgt/bOomn+8WB2rwj6T9PFHcwMGJPlzDbkIKP49M7KClN3tky0zIaiE8yDIDT7FtnUzBOKMBEg9WVJEikTp4o7mBgxJ8uYbchBSH+EPWgAEYElLgOsjgnLxPCEGEi7Qq+yimuzISZ4ujxD3Bxnsr06z364XbySUO5aeanMdw5Hp4p4UHB9WPRjWzGhT0XO3qhwaXpuV3TcviYJOZ2w6ESON1xU8tSBrgAKmSAIjIqYI22Am9N3/RD/bwgHrW/Rj4hz1Q4zK5oflM1KLX/wVKKY8e++T8ZUqNBK+WBQE6L5uo3rjKU6smyRY/mnnfnjIu1DLsXaW/JEGnioBWHrTpj1D5Ca/wJX8TsWdb45uy6YRh2c9SF04O4FlMIHmaoZFTEAGMMy37ztdvh7Af0+2HjVOd0dy0Kn9aspY7dKFBeJYv808788aQwvYYFhTqwJKgX+Nto8eSoFg4Cx6S0gWT77+6xydV/uQ0ZLAGG0a9w9EvcaVsgoS1gOTZVh1p5+sx4dQWFRmDjQj9fd4PVbiopgvmD/tmCNj9l+iOrGI7+nxraTNhespW669sRZAu9uo+NuacqRPg5WJ61gMiT6gMB5woeN39hcd9y/SGVdpXfk5zeJ2jmgZ35MwD5+RqP5PovsHqCWpqpr7IPVhHka5402X17uRAV12vtUkeUGO6EqRpj8hFkbAcIUVUQ56Jrt9d5yq7/YrplJsqJyhilQm3juR8o2vF3Y0uExFy0DHHBPYV/ayHDwkqlafZmXW+7RUyb9i2pz1eIOl/fWlwu3bnoPztzgVqdxp4kYMJfk3xU77tfwv7bmXd+bK+DMMr0IXsJRrfoY5F33DbhlwLhATtjwlXWcGb8cxvXvMBqxKBGcYOTVqA/VA/bHbHFWoHrztaRdbTelMD+KNClfAWlPrU5cGKkfcvBtZ9MfnGrfNbHw1ZA896IG135hHbZSdjWW/EN/Bq/SSsekJQbhEIr8Zp9jQwbSsaVSosR5ATaB+iYLFFVPSDMeDAAAvbgajPXhW0ORXCmc0JGnVKVHgc4c1eT8iv60FKMqwDSegAP+kIG9yiR92QxvQT/g1ZUsYZRiTCX9jcqcF7KR6yfFBFKjHGZArA8z54cRutIsxW1U4HLqyUPwkEKFXdbjHaDFewf9i0i2esuAQ6PK+5FIQylUA+VqfLnfcaQ7g+fJzDYZ4I+pVfnV3tN39bWDqHBrPnK5GGW0K6V493AeOSYEDl/erQRAlBhl5B5l9e7kQFddr7VJHlBjuhKkhdb7PJF2iqJUvFiagnYXiUT0hEvoFyMvUtyaj7QTYML3pw7lfU7sNe4jrc/WhPI4ZYWjQ75u/KjJOX4H9EnXlxZMattdXfOLvRiosmbsHtFc+HiHQnEHLhgg0W8GwXVLPOiquIzimBb2yeoQmE+KA4adKhf0YH9z9/M7M3IKdW0u10Zwk0Fw0U8kwYQycbKdVzyjqV/uQ1HsUatTTqU7PI6EFynM/l9DHbUxPE8bbBogS3wNQqApl8xIr9unb1xqwgf9bUPTAjJYdZVWXEumW1QU9fcN8trQB11fdhkueDVpnWQFc8ynNfDPTwmN4oqtakPefoBwAS8v/J6CJJtNkkO9xoDOvOllDZQRHYLvyd9cVt4r2lftogFuXgMP2AgCyHJA03xxqN4pIZ2t3NZCq59MmqV/cN/xEySU44LVDYAsxayDoB9v8w+Q1uP6jejK8lLLikU4KmzVyx8btOH0tO0uSSq3SHHUaZAzugNb0blyuFkNca/qZQqXSVLB1Pxz/rMQGu1zdY1dzQJw1l65xPfwU8+/PYuergcPG9pBA5QNoqIxeH8L/e5Nm/FPegeRHk0h7helqvEyNPw6YdDDFsXu9sETcacaTY7MTDuTrrS+dVNpj+6gLPI3qRSaoPKtRGKuFnK43QbDj43uqS8Z0RaWdjQEM1SHXAkO6FjwyJre1t2sXl7rr1mfFd06pGdfa4EEeiS7OPumw1UeppQvDEA6nZnaz9VefcaSCJdm7RAqiYMwzLcom1ok/iwYG08rwb/1SmpidB/vfwCzkgUWTPaIwoFErGwZA6NH0tpLb+lrOEkQnH0hEE41ljlAPL3nCOANxTmqd5RDm7o99KkhadQzSKH+k5Sngy2UmfMh+D3lMl/eU1uH9J72tKzLKLHcHVKzC9k1xr5n/r4YJ6MsNhedDqjx8VIfNffUQpDnxObsKleTIn9ntAXqZUbXobo9JvF9+AXpwrNDIuBZStHGtPO94Y07aNLjlYGPI1MEVsLO05niZFOHMQbj+ax/A1mkdClUPdqwSJsJsnBvtPRv5FaPJIYW+gH6XVPxbtuXIDNLXE005udTa7DQXzHrmpLZPc9Cd+fNIuLwi9MNdUboBZwp4o9u43BajpPu31MZR5wm3EPecmFnffqcx4GizTXQSLhbMeAqt00uL+2oY6jWGVVtz7QEcx2u7jjWtUelbLlx+XT9OqoRZvyTHQ8yTnJYJWus0Fj0PLFPtriGkWI7FmBEUq1cRGBZPD5ML9yRhqz8+bGq8H3otY2GuBTxWWeshzyOb+ILGjsXG5mKN1QCGBRLZ3FKXQu496gu+8SO3itRQnmJ4M+x8IVIdpsSDBMztJjtGfNnn1QyTnfFClhFctcfqdM4AGbvYIhFrlLmkbNWvusinKPgrs+oD+xa/2YyGhBqWKP37zws8jf4e5k6LUbLE4OLtyBi584pnoIowOOCJ1jPC/eV5Id4/yywnQmxnxRqxPaKAVp+Q2+2whuO68UY3BvkoksYHEtfFwFI8ULT/Ayp/Drej3/+1GXvlemD2Jb1QbNA4x3cmtWLNEk0g+Ab/IqqpUCApoA+GUvKAYGqV5i4ERxyGpdSJU7uZHnORhmJBkaZ3t6LehsOkymnI4m2P2n9AxEJwguKNWbuJNwE0c7gD3r/AHX6JNfCVVqlqCFYTQrbZnkcY7iuAyRpjjqAf3Uc2Sf26evlu4esyRtCCtRIakXMwhV/RlBmxm/v4DhcjnP49yHBlcNIphMZUflbaeePZxKx+uEwPo2b0YGBM8z4dF19tWbQhcDc3grNOaGN5Qp2DdG4R6E3p7nBJS1aHaJSZNgO0kDpk5s3Ox2Bf6o9ybdX3lx4BVmIx4nYA4oelu+ohuu4AIq7p8TXiG39S7QYzfcQYuIsophRTgJazeANdnkmvAScJqwZGppynO7RcG8VEhXjxlyNKivlmGccMVADWkf86GiZClydMS5C+8Blb72UGky7pIuZeqHW3SYdLEhJgjpV+xxNonLP5tuswhG/kLwIfvyKCiuYrcKVMTB7W591lZUdp8FRV33ixv2UddHxOvbLyNM9s6gcT74rQSDDdeyq/pT/loLZEUuCM5t4GREWt0QXC1LrlWnsuBMil1DvvojYPmJmxSE9D4WWGThPAtNzEhSuDmZVa/LmOTQ17qImQ15KUHBTPQM3wEtXDYJr0oZd1yIcQAdg3xo7lK1wpIxmMrK9k6e8XrR8XRjvFKrJXizrVh3c/5gscIKUobMXL+xLObI5PAQZUK1Wr9h9nAfzfAvUHrtVGH66etEn86BHqySmdPIDqy3oACUhXhzIWMUepUBnOCQ4ObT7jahPR4oWn+BlT+HW4C8zJqzuDUpsg1TJcioMlws40XrtIPgG/yKqqVAgsLYQzXmX328p0cQ935TO4gyyExg50ME3sDOLgv7jGbHcz9AO1Yh+zKfxwotveadRaYLQsJ+8g4eUbRaE7Xh+bAt7Z0jGw+RgqaOTj6hLEj3ikUC35/WbeXoZKwKcL7EXHEXOKtf/3PkTpsjDcSyfFSMODd4O88BMye0rCU7K4BDffnUkPi1bSxX+fXbEw1bTTj7q3+D+7l5R7gNKswQd/EJtAaCe5cIULhNUj9sqBB1JTB/FSMSgBE1dAp5tXpI93SxjHPhN34Srk1e7igkpR/58oUJW1u1jMQWPWNObp2Vdw2kODYBRwwlzEXSzwetYIUVvlYCR/uHYWjJ1t1OGkE+oEYDBTsaxz1u1C8j3/EkHjsseLLBhyvpW6hf9CJarmOeUxOXcbDrOPMVu4Aqn8i93eDhee/OpkGVWqAGYhnQ7CtflWH0XPwylWgJM0a8pxUtiPUuiMX6PJk3hQcxGMDlD+BA1B6TbaN1LbLI74gpXbOb/KhNrlqcllSqPHDfENzcWjNOs1QSKaK342wt7cHAgcbxQMt0/TQKt/2AZmRKMBr3oPruFHgUCFxbQ5U1DvXaRc1N77i7nXr5u1SwkS/te2/vNrDTaMReU4jrXqMUuFvBRGLvTV+gX05WegkdaOWZHJaKNny4C62WjaOn2zk7vgYSgI61QvcQSABDa8pdKLc/8clwx5BSRJUX5URCsRMnc3ipQ2aJJWZ4SAIbEMCp1MaUlEarezghFmfIbqSrHhGpPiTCzQZhVuT7EFf3oxFpK7ppkHiG7V//BEOjP1hYBM4sqGcJo3o1Bp5x/HBkvs2OmXUntR5LTCITGlwZeB+iXOeRKUrzP2zhqp8e+PGk+roB1DLhMF2YTYA4X4aLYSe2iDbiR6wVjRlDkMepRvJ1IbtO8la3axmILHpzxRgqiUAJ+2S8vjF5Esk6MSSe6Wkbq1dSEAZ98upc45HJiGQT3FQN+6pTsYO4He32P3KJpDvnkY5VssJOE+Y13QkPNsfc64w2RfApJremUrfRD9q1GGWGUlWXkLIYo4ZzF7V4ItF5ntGQGqhYm5nIIJ5SaqC1XRyMmNuhlFKm26j5gfeGiAPvz13vBwN9VTzrMXEVQBmzrGrXVEn5rgiJfaur/pFAJsacgab65ujXR331c+IRjgEj3G5sIuMJQpJrbHtFb8w9T+93/JDj0CPhNvTfFh1B9uLLfaK/7qoxqmTEshjl+n2LusgI+gkAnkwb97ulv2eZ+DviS6MeeFRBtFqtqf33KwXkwPoFn+4hGwAZR8I2nXwY5KQYV4qt4n0ELIT/Y/xyXDHkFJD9Thjl8ETjY0X2402jIpTDZ0SW/pY1GGuoopF0spb26RxcxScbj7lnWyyXX7qOpVWAiLAs3IpppuFRyLOBXOZG2uel8tVfUDNjH7E0o88IrkUZnXVBhUXHvFRQS24vlP5v7MvAY430Jy5DzeP6vWsFvfvYU2IA7nhHtmM3/LEVYuMA67AAAAOKus4Ht9C68ZX7INdDWIWh3pAkUo1fS8yVX/nBEo0t/RAqM/Nj3Q7Va2OcjDLGvXPbpm+vHtsyefQTDYmuU++adqVoJ5fyUvyfx2sy2YufzIjX5voHpoo/fX7X+d4bFHQM+nGwsYkQKxNBQ3xh0P6jKeA4/ClYurd3vEx336eFHfCIleZuhfSZSfFWDnm7VbWPEL/OGAAAAH6wKbO2yRxvAux4COWeq6Ffx9VCmnEaQXuCr4aU9mAua+jAfOrwuS7C6jAR3rf17s2tOsxQZbC+pj4dK5wHW1Ja4J8sjQyiXfmlJQKtBXsBcaMNH4ZXLIQKhOXl2rrl3S4qz+ri7OmcAE1AFUF5uiZA0EULZUs/Mg8Mk4qrRM4Ad+HGzkcAAAAAAAAAA""}",2026-03-18 20:45:28.625118
